{"cameraMode":{"drawMode":0,"name":"Shaded","section":"Shading Mode"},"sceneLighting":true,"audioPlay":false,"sceneViewState":{"showFog":true,"showMaterialUpdate":false,"showSkybox":true,"showFlares":true,"showImageEffects":true,"showParticleSystems":true,"showVisualEffectGraphs":true,"m_FxEnabled":true},"in2DMode":false,"pivot":{"x":0.38099682331085207,"y":0.6219345331192017,"z":0.6437641382217407},"rotation":{"x":0.18253248929977418,"y":0.1672181785106659,"z":-0.03152020648121834,"w":0.9683641791343689},"size":1.8301774263381959,"orthographic":false}