{"cameraMode":{"drawMode":0,"name":"Shaded","section":"Shading Mode"},"sceneLighting":true,"audioPlay":false,"sceneViewState":{"showFog":true,"showMaterialUpdate":false,"showSkybox":true,"showFlares":true,"showImageEffects":true,"showParticleSystems":true,"showVisualEffectGraphs":true,"m_FxEnabled":true},"in2DMode":false,"pivot":{"x":5.963747978210449,"y":1.0336244106292725,"z":-2.6584014892578127},"rotation":{"x":0.18253248929977418,"y":0.1672181785106659,"z":-0.03152020648121834,"w":0.9683641791343689},"size":2.9345028400421144,"orthographic":false}