{"cameraMode":{"drawMode":0,"name":"Shaded","section":"Shading Mode"},"sceneLighting":true,"audioPlay":false,"sceneViewState":{"showFog":true,"showMaterialUpdate":false,"showSkybox":true,"showFlares":true,"showImageEffects":true,"showParticleSystems":true,"showVisualEffectGraphs":true,"m_FxEnabled":true},"in2DMode":false,"pivot":{"x":3.5768632888793947,"y":1.9499578475952149,"z":0.8402500152587891},"rotation":{"x":0.18253248929977418,"y":0.1672181785106659,"z":-0.03152020648121834,"w":0.9683641791343689},"size":3.1333301067352297,"orthographic":false}